{"cameraMode":{"drawMode":0,"name":"Shaded","section":"Shading Mode"},"sceneLighting":false,"audioPlay":false,"sceneViewState":{"showFog":true,"showMaterialUpdate":false,"showSkybox":false,"showFlares":true,"showImageEffects":true,"showParticleSystems":true},"in2DMode":false,"pivot":{"x":-2.7286996841430666,"y":-4.5,"z":-5.599999904632568},"rotation":{"x":-0.47001171112060549,"y":-0.006357288453727961,"z":0.0033987429924309255,"w":-0.8826772570610046},"size":2.598076105117798,"orthographic":false}